entry_time,exit_time,status,pnl,score,type,year,month,dow,hour,week
2022-01-04 08:00:00,2022-01-04 08:45:00,loss,-82.67763527290329,5,long,2022,1,Tuesday,8,1
2022-01-04 09:30:00,2022-01-04 11:15:00,loss,-69.04794307414114,5,long,2022,1,Tuesday,11,1
2022-01-04 14:00:00,2022-01-06 05:30:00,loss,-51.852626602294016,5,long,2022,1,Thursday,5,1
2022-01-11 08:00:00,2022-01-11 09:45:00,loss,-96.84651191505944,5,long,2022,1,Tuesday,9,2
2022-01-11 13:00:00,2022-01-11 13:30:00,loss,-80.7251001554604,5,long,2022,1,Tuesday,13,2
2022-01-11 15:00:00,2022-01-11 16:15:00,win,133.3279564024019,5,long,2022,1,Tuesday,16,2
2022-01-13 11:15:00,2022-01-13 13:15:00,loss,-74.4253794989257,5,long,2022,1,Thursday,13,2
2022-01-26 09:30:00,2022-01-26 11:00:00,loss,-93.65423817999606,5,long,2022,1,Wednesday,11,4
2022-01-26 12:30:00,2022-01-26 13:45:00,loss,-72.96877233389533,5,long,2022,1,Wednesday,13,4
2022-02-01 08:00:00,2022-02-01 14:30:00,loss,-117.10759881263657,6,long,2022,2,Tuesday,14,5
2022-02-02 11:00:00,2022-02-02 13:15:00,win,168.07674836595118,5,long,2022,2,Wednesday,13,5
2022-02-02 13:15:00,2022-02-02 14:00:00,loss,-85.98072317826595,6,long,2022,2,Wednesday,14,5
2022-02-02 14:00:00,2022-02-02 15:15:00,win,123.27476383909945,5,long,2022,2,Wednesday,15,5
2022-02-02 15:15:00,2022-02-03 12:00:00,loss,-60.704562308244334,6,long,2022,2,Thursday,12,5
2022-02-08 10:15:00,2022-02-08 11:15:00,loss,-67.11748917736794,5,long,2022,2,Tuesday,11,6
2022-02-08 13:00:00,2022-02-08 15:15:00,win,169.9867187305835,5,long,2022,2,Tuesday,15,6
2022-02-08 15:45:00,2022-02-09 16:30:00,win,235.9598551694529,7,long,2022,2,Wednesday,16,6
2022-02-09 16:45:00,2022-02-11 00:00:00,loss,-76.02399554580116,6,long,2022,2,Friday,0,6
2022-02-22 08:00:00,2022-02-22 08:15:00,loss,-122.60366926077867,6,long,2022,2,Tuesday,8,8
2022-02-22 13:15:00,2022-02-22 15:00:00,loss,-69.40485395913888,5,long,2022,2,Tuesday,15,8
2022-02-22 18:00:00,2022-02-22 20:00:00,loss,-86.20381296133098,5,long,2022,2,Tuesday,20,8
2022-02-23 14:00:00,2022-02-23 17:00:00,win,208.51310587996093,6,long,2022,2,Wednesday,17,8
2022-02-23 17:45:00,2022-02-23 20:15:00,loss,-70.81936378132036,5,long,2022,2,Wednesday,20,8
2022-03-02 08:00:00,2022-03-02 08:30:00,loss,-125.26928377460202,6,long,2022,3,Wednesday,8,9
2022-03-02 13:30:00,2022-03-02 14:30:00,loss,-94.87953797165157,6,long,2022,3,Wednesday,14,9
2022-03-02 15:00:00,2022-03-02 15:30:00,loss,-92.93057815139552,6,long,2022,3,Wednesday,15,9
2022-03-08 08:15:00,2022-03-08 14:30:00,win,274.77762661011656,7,long,2022,3,Tuesday,14,10
2022-03-23 11:15:00,2022-03-23 17:45:00,win,154.2078133658366,5,long,2022,3,Wednesday,17,12
2022-03-24 08:00:00,2022-03-24 08:30:00,loss,-146.26595471754644,7,long,2022,3,Thursday,8,12
2022-03-24 10:00:00,2022-03-24 11:30:00,win,194.30613907290058,5,long,2022,3,Thursday,11,12
2022-03-24 12:15:00,2022-03-24 14:15:00,win,235.41815905702234,7,long,2022,3,Thursday,14,12
2022-03-24 16:30:00,2022-03-25 07:00:00,loss,-82.66173690620451,6,long,2022,3,Friday,7,12
2022-03-30 12:30:00,2022-03-30 14:45:00,win,155.4930972319547,5,long,2022,3,Wednesday,14,13
2022-03-30 16:00:00,2022-03-30 17:45:00,loss,-67.46293427776142,5,long,2022,3,Wednesday,17,13
2022-03-31 11:30:00,2022-03-31 13:45:00,win,184.05575140297105,5,long,2022,3,Thursday,13,13
2022-03-31 16:00:00,2022-03-31 19:45:00,loss,-67.52541998258839,5,long,2022,3,Thursday,19,13
2022-04-05 14:00:00,2022-04-05 14:30:00,loss,-45.12291826643929,5,long,2022,4,Tuesday,14,14
2022-04-06 10:15:00,2022-04-06 10:45:00,loss,-65.58855518245977,5,long,2022,4,Wednesday,10,14
2022-04-06 13:15:00,2022-04-06 17:15:00,loss,-60.20231320511825,5,long,2022,4,Wednesday,17,14
2022-04-07 08:00:00,2022-04-07 12:00:00,win,251.2384527598814,5,long,2022,4,Thursday,12,14
2022-04-07 12:15:00,2022-04-07 12:45:00,loss,-66.57527161278047,5,long,2022,4,Thursday,12,14
2022-04-07 13:45:00,2022-04-11 00:00:00,win,139.7514084286592,5,long,2022,4,Monday,0,15
2022-04-13 08:00:00,2022-04-14 09:00:00,loss,-118.63421138057373,6,long,2022,4,Thursday,9,15
2022-04-14 11:00:00,2022-04-14 12:45:00,loss,-61.20434555939645,5,long,2022,4,Thursday,12,15
2022-05-04 08:00:00,2022-05-04 09:00:00,loss,-79.73621215986756,5,long,2022,5,Wednesday,9,18
2022-05-05 10:00:00,2022-05-05 12:45:00,win,226.24261079188827,5,long,2022,5,Thursday,12,18
2022-05-05 13:15:00,2022-05-05 13:30:00,loss,-93.74506457026152,6,long,2022,5,Thursday,13,18
2022-05-10 13:00:00,2022-05-10 13:30:00,loss,-68.22565897762215,5,long,2022,5,Tuesday,13,19
2022-05-11 08:30:00,2022-05-11 12:30:00,loss,-74.10020760110345,5,long,2022,5,Wednesday,12,19
2022-05-11 15:15:00,2022-05-12 07:15:00,loss,-48.2912705129741,5,long,2022,5,Thursday,7,19
2022-05-12 16:15:00,2022-05-12 17:00:00,win,245.75173531341562,6,short,2022,5,Thursday,17,19
2022-05-26 08:00:00,2022-05-26 09:15:00,loss,-116.51901183185136,6,long,2022,5,Thursday,9,21
2022-05-26 14:30:00,2022-05-26 15:00:00,loss,-53.7379111986818,5,long,2022,5,Thursday,15,21
2022-05-26 18:15:00,2022-05-27 07:15:00,win,220.68957832894793,5,long,2022,5,Friday,7,21
2022-05-31 08:00:00,2022-05-31 08:45:00,loss,-123.69488904138916,6,long,2022,5,Tuesday,8,22
2022-07-05 08:30:00,2022-07-05 12:00:00,win,222.20041470386622,5,short,2022,7,Tuesday,12,27
2022-07-05 12:00:00,2022-07-05 12:15:00,loss,-125.1652673225735,7,short,2022,7,Tuesday,12,27
2022-07-05 12:15:00,2022-07-05 12:30:00,loss,-110.12748154579619,7,short,2022,7,Tuesday,12,27
2022-07-05 12:30:00,2022-07-05 13:30:00,win,253.25868080049386,7,short,2022,7,Tuesday,13,27
2022-07-07 08:00:00,2022-07-07 12:15:00,loss,-142.87209729921247,6,short,2022,7,Thursday,12,27
2022-07-07 12:15:00,2022-07-07 13:30:00,loss,-129.00076234523894,6,short,2022,7,Thursday,13,27
2022-07-07 14:45:00,2022-07-08 01:00:00,loss,-63.09339812296821,5,short,2022,7,Friday,1,27
2022-07-20 08:00:00,2022-07-20 09:15:00,loss,-123.98659269990796,6,short,2022,7,Wednesday,9,29
2022-07-20 11:30:00,2022-07-20 12:00:00,loss,-97.32404723919018,6,short,2022,7,Wednesday,12,29
2022-07-20 12:00:00,2022-07-20 12:15:00,loss,-97.61496469027615,6,short,2022,7,Wednesday,12,29
2022-07-20 12:45:00,2022-07-20 13:15:00,loss,-83.45245308425518,6,short,2022,7,Wednesday,13,29
2022-07-26 10:00:00,2022-07-27 08:00:00,loss,-72.61312377306301,5,short,2022,7,Wednesday,8,30
2022-07-27 13:00:00,2022-07-27 16:00:00,loss,-60.93789729902006,5,short,2022,7,Wednesday,16,30
2022-08-03 08:30:00,2022-08-03 12:15:00,loss,-87.40975404329755,5,short,2022,8,Wednesday,12,31
2022-08-17 08:00:00,2022-08-17 08:30:00,loss,-107.15916603521318,6,short,2022,8,Wednesday,8,33
2022-08-17 08:45:00,2022-08-17 11:15:00,win,231.15654038779212,6,short,2022,8,Wednesday,11,33
2022-08-17 11:45:00,2022-08-17 12:30:00,loss,-56.91678955436292,5,short,2022,8,Wednesday,12,33
2022-08-17 12:30:00,2022-08-17 15:15:00,win,171.59726241553005,6,short,2022,8,Wednesday,15,33
2022-08-17 16:45:00,2022-08-17 18:00:00,loss,-94.36093702260726,6,short,2022,8,Wednesday,18,33
2022-08-30 11:30:00,2022-08-30 14:15:00,win,187.45658044987297,5,short,2022,8,Tuesday,14,35
2022-08-30 16:00:00,2022-08-31 08:15:00,win,252.91703672241738,6,short,2022,8,Wednesday,8,35
2022-08-31 12:00:00,2022-08-31 13:45:00,loss,-57.56788243022951,5,short,2022,8,Wednesday,13,35
2022-08-31 16:45:00,2022-08-31 22:15:00,win,163.26021661825666,5,short,2022,8,Wednesday,22,35
2022-09-06 09:00:00,2022-09-06 12:00:00,loss,-82.06147336968097,5,short,2022,9,Tuesday,12,36
2022-09-06 13:15:00,2022-09-06 18:00:00,win,320.71519168958287,7,short,2022,9,Tuesday,18,36
2022-09-06 18:15:00,2022-09-08 00:00:00,loss,-74.52906700181498,5,short,2022,9,Thursday,0,36
2022-09-08 16:30:00,2022-09-08 17:30:00,loss,-95.10515101301492,6,short,2022,9,Thursday,17,36
2022-09-20 08:00:00,2022-09-20 13:30:00,win,287.10832347995495,6,short,2022,9,Tuesday,13,38
2022-09-20 13:45:00,2022-09-21 06:00:00,loss,-88.92603888815862,6,short,2022,9,Wednesday,6,38
2022-09-21 15:00:00,2022-09-21 18:00:00,win,158.7900660488781,5,short,2022,9,Wednesday,18,38
2022-09-21 18:15:00,2022-09-21 18:30:00,loss,-76.47757961731071,6,short,2022,9,Wednesday,18,38
2022-09-28 08:00:00,2022-09-28 10:00:00,loss,-114.70664143976262,6,short,2022,9,Wednesday,10,39
2022-09-29 08:30:00,2022-09-29 09:00:00,loss,-105.5180161331259,6,short,2022,9,Thursday,9,39
2022-10-06 11:30:00,2022-10-06 12:15:00,loss,-62.95128367959631,5,short,2022,10,Thursday,12,40
2022-10-06 14:00:00,2022-10-09 22:00:00,win,207.90114945466686,6,short,2022,10,Sunday,22,40
2022-10-19 12:00:00,2022-10-20 01:00:00,win,296.5887594537983,7,short,2022,10,Thursday,1,42
2022-10-20 08:15:00,2022-10-20 09:15:00,loss,-86.40912170604643,6,short,2022,10,Thursday,9,42
2022-10-20 13:00:00,2022-10-20 14:00:00,loss,-59.120992436576294,5,short,2022,10,Thursday,14,42
2022-11-02 16:15:00,2022-11-02 17:45:00,loss,-75.0824025678662,5,short,2022,11,Wednesday,17,44
2022-11-03 12:30:00,2022-11-03 14:00:00,loss,-89.01110086199452,6,short,2022,11,Thursday,14,44
2022-11-17 08:15:00,2022-11-17 09:30:00,loss,-170.12803197449634,7,long,2022,11,Thursday,9,46
2022-11-17 14:15:00,2022-11-18 03:45:00,loss,-79.15160980586224,6,short,2022,11,Friday,3,46
2022-11-22 13:00:00,2022-11-22 17:30:00,win,201.97039266595488,5,short,2022,11,Tuesday,17,47
2022-11-22 17:45:00,2022-11-24 00:00:00,loss,-83.33888914159438,5,short,2022,11,Thursday,0,47
2022-11-30 16:00:00,2022-11-30 18:30:00,loss,-45.84787759788618,5,short,2022,11,Wednesday,18,48
2022-12-20 08:15:00,2022-12-20 08:45:00,win,151.60141984886388,5,long,2022,12,Tuesday,8,51
2022-12-20 12:00:00,2022-12-20 12:45:00,loss,-107.49895142999782,6,long,2022,12,Tuesday,12,51
2022-12-20 13:30:00,2022-12-20 15:00:00,win,241.49998174239562,6,long,2022,12,Tuesday,15,51
2022-12-20 17:45:00,2022-12-22 13:30:00,loss,-110.441888799278,6,long,2022,12,Thursday,13,51
2022-12-27 08:45:00,2022-12-27 14:00:00,loss,-86.41907701273612,5,long,2022,12,Tuesday,14,52
2022-12-27 14:30:00,2022-12-27 15:00:00,win,132.17694896893047,5,long,2022,12,Tuesday,15,52
2022-12-27 17:15:00,2022-12-27 17:45:00,loss,-65.43030358068297,6,long,2022,12,Tuesday,17,52
2022-12-27 18:45:00,2022-12-29 00:00:00,loss,-49.92116235811369,5,long,2022,12,Thursday,0,52
2022-12-29 09:15:00,2022-12-29 10:15:00,loss,-90.21217039372826,5,long,2022,12,Thursday,10,52
2022-12-29 14:00:00,2022-12-29 15:00:00,win,154.19318836280814,5,long,2022,12,Thursday,15,52
2022-12-29 15:15:00,2022-12-30 14:00:00,win,186.15787470571627,6,long,2022,12,Friday,14,52
2023-01-03 09:15:00,2023-01-03 10:30:00,loss,-63.13906585032647,5,long,2023,1,Tuesday,10,1
2023-01-03 13:00:00,2023-01-03 14:30:00,win,192.30289430598052,5,long,2023,1,Tuesday,14,1
2023-01-03 17:00:00,2023-01-06 13:45:00,win,147.99099377361722,5,long,2023,1,Friday,13,1
2023-01-17 12:30:00,2023-01-17 17:30:00,loss,-70.26706372369625,5,long,2023,1,Tuesday,17,3
2023-01-18 09:00:00,2023-01-18 13:30:00,win,169.14523201489834,5,long,2023,1,Wednesday,13,3
2023-01-18 14:30:00,2023-01-18 15:00:00,loss,-110.80731462760177,7,long,2023,1,Wednesday,15,3
2023-01-18 15:15:00,2023-01-18 15:45:00,loss,-84.33064447394064,6,long,2023,1,Wednesday,15,3
2023-01-19 08:00:00,2023-01-19 09:00:00,loss,-117.3671533752327,6,long,2023,1,Thursday,9,3
2023-01-19 09:00:00,2023-01-19 10:15:00,loss,-72.92455397905898,5,long,2023,1,Thursday,10,3
2023-01-19 13:15:00,2023-01-19 13:30:00,loss,-70.36521073471606,5,long,2023,1,Thursday,13,3
2023-01-19 13:30:00,2023-01-19 15:15:00,win,160.67934139667304,5,long,2023,1,Thursday,15,3
2023-01-19 15:45:00,2023-01-19 19:15:00,win,216.23963040649426,6,long,2023,1,Thursday,19,3
2023-01-24 08:00:00,2023-01-24 09:30:00,loss,-116.97000501252415,6,long,2023,1,Tuesday,9,4
2023-01-24 10:15:00,2023-01-24 13:30:00,loss,-68.78778484962108,5,long,2023,1,Tuesday,13,4
2023-01-24 16:00:00,2023-01-25 03:15:00,loss,-44.548131320351125,5,long,2023,1,Wednesday,3,4
2023-01-25 15:15:00,2023-01-25 20:00:00,win,134.0252394197197,5,long,2023,1,Wednesday,20,4
2023-02-01 11:15:00,2023-02-01 13:30:00,loss,-103.50169958573534,6,long,2023,2,Wednesday,13,5
2023-02-01 13:30:00,2023-02-01 14:45:00,loss,-87.43378149671811,6,long,2023,2,Wednesday,14,5
2023-02-01 15:30:00,2023-02-01 16:45:00,loss,-48.98171875269697,5,long,2023,2,Wednesday,16,5
2023-02-21 15:30:00,2023-02-21 16:00:00,loss,-51.45834353026562,5,long,2023,2,Tuesday,16,8
2023-02-22 12:30:00,2023-02-22 13:00:00,loss,-53.148186955020805,5,long,2023,2,Wednesday,13,8
2023-02-22 13:00:00,2023-02-22 14:30:00,loss,-79.5961270145694,6,long,2023,2,Wednesday,14,8
2023-03-02 09:00:00,2023-03-02 09:45:00,loss,-118.17174171503908,6,long,2023,3,Thursday,9,9
2023-03-02 11:15:00,2023-03-02 12:30:00,loss,-75.09602209315246,5,long,2023,3,Thursday,12,9
2023-03-02 13:15:00,2023-03-02 13:30:00,loss,-68.35275677750323,5,long,2023,3,Thursday,13,9
2023-03-02 14:15:00,2023-03-05 23:00:00,win,162.5478875245328,5,long,2023,3,Sunday,23,9
2023-03-14 12:00:00,2023-03-14 12:30:00,loss,-172.0953428030092,6,long,2023,3,Tuesday,12,11
2023-03-14 12:45:00,2023-03-14 13:00:00,loss,-162.59236886918956,7,long,2023,3,Tuesday,13,11
2023-03-14 13:00:00,2023-03-14 13:30:00,loss,-121.3785711029991,6,long,2023,3,Tuesday,13,11
2023-03-14 14:00:00,2023-03-15 05:30:00,loss,-63.3764939404678,5,long,2023,3,Wednesday,5,11
2023-03-15 14:15:00,2023-03-15 18:30:00,loss,-56.60215505325338,6,long,2023,3,Wednesday,18,11
2023-03-16 08:00:00,2023-03-16 13:15:00,win,334.38392918620906,6,long,2023,3,Thursday,13,11
2023-03-16 13:30:00,2023-03-16 15:15:00,loss,-95.44333787797503,6,long,2023,3,Thursday,15,11
2023-03-22 08:00:00,2023-03-22 12:30:00,loss,-161.83275442749826,6,long,2023,3,Wednesday,12,12
2023-03-22 14:00:00,2023-03-22 18:00:00,win,324.10868070445315,6,long,2023,3,Wednesday,18,12
2023-03-23 09:00:00,2023-03-23 12:30:00,loss,-147.19344420862674,6,long,2023,3,Thursday,12,12
2023-03-23 13:15:00,2023-03-23 16:15:00,win,172.3489420339325,5,long,2023,3,Thursday,16,12
2023-03-23 18:45:00,2023-03-27 00:00:00,loss,-121.44886229286641,7,long,2023,3,Monday,0,13
2023-03-29 09:15:00,2023-03-29 13:00:00,loss,-115.32738533071334,6,long,2023,3,Wednesday,13,13
2023-03-29 14:00:00,2023-03-29 15:45:00,loss,-86.92965008940928,6,long,2023,3,Wednesday,15,13
2023-03-29 17:30:00,2023-03-29 19:15:00,loss,-68.42318327529912,5,long,2023,3,Wednesday,19,13
2023-03-30 08:00:00,2023-03-30 12:15:00,win,264.8231125138565,6,long,2023,3,Thursday,12,13
2023-03-30 12:30:00,2023-03-30 14:00:00,loss,-61.38855336858398,5,long,2023,3,Thursday,14,13
2023-03-30 14:30:00,2023-03-30 16:30:00,win,137.08041157856837,5,long,2023,3,Thursday,16,13
2023-03-30 17:15:00,2023-04-02 22:00:00,loss,-92.1850955925589,6,long,2023,4,Sunday,22,13
2023-04-12 13:15:00,2023-04-12 13:30:00,loss,-91.25031333969201,7,long,2023,4,Wednesday,13,15
2023-04-12 17:15:00,2023-04-13 07:30:00,win,241.04020302444323,6,long,2023,4,Thursday,7,15
2023-04-13 14:30:00,2023-04-17 00:00:00,loss,-83.81176595312337,7,long,2023,4,Monday,0,16
2023-04-26 08:15:00,2023-04-26 11:30:00,loss,-73.93992728679282,5,long,2023,4,Wednesday,11,17
2023-04-26 13:00:00,2023-04-26 15:00:00,loss,-58.363322492652216,5,long,2023,4,Wednesday,15,17
2023-04-27 10:15:00,2023-04-27 11:45:00,loss,-77.85110292001295,5,long,2023,4,Thursday,11,17
2023-05-11 10:00:00,2023-05-11 11:15:00,win,155.31470765680643,5,long,2023,5,Thursday,11,19
2023-05-11 12:15:00,2023-05-11 13:15:00,loss,-81.2766150971436,6,long,2023,5,Thursday,13,19
2023-05-23 14:30:00,2023-05-24 05:45:00,win,126.65141676332732,5,long,2023,5,Wednesday,5,21
2023-05-24 09:30:00,2023-05-24 12:15:00,win,154.6761196183665,5,long,2023,5,Wednesday,12,21
2023-05-24 12:30:00,2023-05-24 12:45:00,loss,-93.71654745322776,6,long,2023,5,Wednesday,12,21
2023-05-24 12:45:00,2023-05-24 13:00:00,loss,-89.78058566729719,6,long,2023,5,Wednesday,13,21
2023-05-30 12:45:00,2023-05-30 14:00:00,loss,-88.26613974056444,6,long,2023,5,Tuesday,14,22
2023-05-30 14:00:00,2023-06-01 11:00:00,win,140.40543713822845,5,long,2023,6,Thursday,11,22
2023-07-11 08:45:00,2023-07-11 12:15:00,loss,-102.38996727572899,7,long,2023,7,Tuesday,12,28
2023-07-11 14:00:00,2023-07-11 16:00:00,loss,-56.73042927003656,5,long,2023,7,Tuesday,16,28
2023-07-12 11:30:00,2023-07-12 12:30:00,win,200.68544622860503,5,long,2023,7,Wednesday,12,28
2023-07-13 08:00:00,2023-07-13 10:00:00,loss,-98.15053239252833,6,long,2023,7,Thursday,10,28
2023-07-13 13:00:00,2023-07-13 13:45:00,loss,-49.300461803211995,5,long,2023,7,Thursday,13,28
2023-07-13 14:00:00,2023-07-13 15:45:00,loss,-93.49956307471572,7,long,2023,7,Thursday,15,28
2023-07-13 18:00:00,2023-07-17 00:00:00,loss,-74.326891005562,5,long,2023,7,Monday,0,29
2023-07-18 08:00:00,2023-07-18 11:15:00,win,232.8703665697035,6,long,2023,7,Tuesday,11,29
2023-07-18 11:30:00,2023-07-18 12:30:00,win,127.07697695234359,5,long,2023,7,Tuesday,12,29
2023-07-18 13:15:00,2023-07-18 13:30:00,loss,-57.79554615096656,6,long,2023,7,Tuesday,13,29
2023-07-18 13:30:00,2023-07-18 14:15:00,win,139.71471540627488,6,long,2023,7,Tuesday,14,29
2023-07-18 15:45:00,2023-07-19 11:15:00,loss,-66.63342637507745,6,long,2023,7,Wednesday,11,29
2023-07-19 12:30:00,2023-07-19 14:00:00,loss,-59.34622117179292,5,long,2023,7,Wednesday,14,29
2023-07-25 16:15:00,2023-07-26 11:30:00,win,147.2203552549986,5,long,2023,7,Wednesday,11,30
2023-07-26 11:30:00,2023-07-26 13:00:00,loss,-70.12130943594174,5,long,2023,7,Wednesday,13,30
2023-07-26 15:15:00,2023-07-26 17:00:00,loss,-47.74434974420815,5,long,2023,7,Wednesday,17,30
2023-08-22 08:00:00,2023-08-22 12:30:00,loss,-115.60147874944927,6,long,2023,8,Tuesday,12,34
2023-08-24 14:00:00,2023-08-24 14:30:00,loss,-58.40665705347429,5,long,2023,8,Thursday,14,34
2023-08-24 14:30:00,2023-08-24 16:45:00,loss,-78.39046638045289,6,long,2023,8,Thursday,16,34
2023-09-07 12:00:00,2023-09-07 12:30:00,loss,-72.47742483862615,5,long,2023,9,Thursday,12,36
2023-09-07 12:45:00,2023-09-07 13:30:00,loss,-48.70026463895948,5,long,2023,9,Thursday,13,36
2023-09-07 13:30:00,2023-09-07 13:45:00,loss,-47.59142742935075,5,long,2023,9,Thursday,13,36
2023-09-20 09:00:00,2023-09-20 13:30:00,win,284.06233822061415,6,long,2023,9,Wednesday,13,38
2023-09-20 15:30:00,2023-09-20 18:00:00,loss,-70.40907954378844,6,long,2023,9,Wednesday,18,38
2023-09-20 18:15:00,2023-09-20 19:00:00,loss,-74.32534604366317,6,long,2023,9,Wednesday,19,38
2023-10-04 13:30:00,2023-10-05 01:00:00,loss,-92.35641467442646,6,short,2023,10,Thursday,1,40
2023-10-05 08:00:00,2023-10-05 12:30:00,win,401.45665328301516,7,short,2023,10,Thursday,12,40
2023-10-05 13:15:00,2023-10-05 23:00:00,loss,-90.99578384464057,7,short,2023,10,Thursday,23,40
2023-10-18 14:15:00,2023-10-18 14:45:00,loss,-96.3202156231459,7,long,2023,10,Wednesday,14,42
2023-10-19 08:00:00,2023-10-19 08:15:00,loss,-140.77765245763857,7,long,2023,10,Thursday,8,42
2023-10-19 09:45:00,2023-10-19 15:30:00,win,341.86017756288675,7,long,2023,10,Thursday,15,42
2023-10-19 16:30:00,2023-10-19 17:15:00,win,231.3140552210041,7,long,2023,10,Thursday,17,42
2023-10-25 12:15:00,2023-10-25 13:45:00,win,266.2228408792431,6,long,2023,10,Wednesday,13,43
2023-10-25 14:00:00,2023-10-25 15:00:00,loss,-69.33552784757691,6,long,2023,10,Wednesday,15,43
2023-10-25 15:45:00,2023-10-26 12:45:00,loss,-62.84780978486945,6,long,2023,10,Thursday,12,43
2023-10-26 18:30:00,2023-10-26 19:15:00,loss,-75.01115029114199,5,long,2023,10,Thursday,19,43
2023-11-09 16:45:00,2023-11-09 19:30:00,loss,-51.325732623595904,5,long,2023,11,Thursday,19,45
2023-11-14 09:30:00,2023-11-14 11:45:00,loss,-116.32382477535273,6,long,2023,11,Tuesday,11,46
2023-11-14 16:45:00,2023-11-15 14:45:00,loss,-41.79779381312124,5,long,2023,11,Wednesday,14,46
2023-11-21 12:45:00,2023-11-21 13:30:00,win,200.4295714880911,5,long,2023,11,Tuesday,13,47
2023-11-21 13:30:00,2023-11-21 14:30:00,win,294.67443772860554,7,long,2023,11,Tuesday,14,47
2023-11-21 16:00:00,2023-11-21 18:30:00,loss,-111.57375876358995,7,long,2023,11,Tuesday,18,47
2023-12-07 08:45:00,2023-12-07 11:30:00,loss,-127.834610489609,6,long,2023,12,Thursday,11,49
2023-12-07 12:30:00,2023-12-07 13:30:00,win,203.63760899441687,5,long,2023,12,Thursday,13,49
2023-12-07 13:30:00,2023-12-07 14:00:00,loss,-92.07476137883761,6,long,2023,12,Thursday,14,49
2023-12-07 14:00:00,2023-12-07 14:30:00,loss,-86.17547431622522,6,long,2023,12,Thursday,14,49
2023-12-19 09:00:00,2023-12-19 10:30:00,loss,-81.91675525743614,5,long,2023,12,Tuesday,10,51
2023-12-19 10:45:00,2023-12-19 13:15:00,win,207.13679280178422,5,long,2023,12,Tuesday,13,51
2023-12-19 13:15:00,2023-12-19 13:30:00,loss,-69.16947461444747,5,long,2023,12,Tuesday,13,51
2023-12-19 13:30:00,2023-12-19 14:30:00,win,250.9060240219878,6,long,2023,12,Tuesday,14,51
2023-12-19 17:00:00,2023-12-19 18:00:00,loss,-79.64980624945254,6,long,2023,12,Tuesday,18,51
2023-12-19 18:30:00,2023-12-22 00:00:00,win,156.56051307426674,5,long,2023,12,Friday,0,51
2024-01-02 08:00:00,2024-01-02 11:30:00,loss,-85.24303005706516,5,long,2024,1,Tuesday,11,1
2024-01-04 08:00:00,2024-01-04 12:00:00,loss,-96.0968919467707,5,long,2024,1,Thursday,12,1
2024-01-09 09:30:00,2024-01-09 13:15:00,loss,-65.60827307382966,5,long,2024,1,Tuesday,13,2
2024-01-09 13:45:00,2024-01-09 14:45:00,loss,-57.31525498181471,5,long,2024,1,Tuesday,14,2
2024-01-10 08:45:00,2024-01-10 12:45:00,loss,-63.714719245363966,5,long,2024,1,Wednesday,12,2
2024-01-31 08:00:00,2024-01-31 13:45:00,win,480.19626932367777,7,long,2024,1,Wednesday,13,5
2024-01-31 13:45:00,2024-01-31 14:30:00,win,285.6928599201895,7,long,2024,1,Wednesday,14,5
2024-02-06 16:45:00,2024-02-06 17:15:00,loss,-58.206276562700026,5,long,2024,2,Tuesday,17,6
2024-02-06 17:15:00,2024-02-07 14:45:00,win,142.77367341794172,5,long,2024,2,Wednesday,14,6
2024-02-07 15:00:00,2024-02-07 15:15:00,loss,-56.19130846966075,6,long,2024,2,Wednesday,15,6
2024-02-07 15:15:00,2024-02-07 17:15:00,loss,-54.98898287500339,6,long,2024,2,Wednesday,17,6
2024-02-13 09:00:00,2024-02-13 13:15:00,win,250.89702732435615,5,long,2024,2,Tuesday,13,7
2024-02-15 14:00:00,2024-02-15 16:00:00,loss,-49.5178053791257,5,long,2024,2,Thursday,16,7
2024-02-15 18:45:00,2024-02-18 23:00:00,win,156.53380132998558,5,long,2024,2,Sunday,23,7
2024-02-21 10:15:00,2024-02-21 15:00:00,loss,-79.64289452356462,5,long,2024,2,Wednesday,15,8
2024-02-21 15:00:00,2024-02-21 15:45:00,loss,-81.76712281889367,6,long,2024,2,Wednesday,15,8
2024-03-06 08:00:00,2024-03-06 08:30:00,loss,-109.50987429787064,5,long,2024,3,Wednesday,8,10
2024-03-06 08:30:00,2024-03-06 12:30:00,win,398.56018443100857,6,long,2024,3,Wednesday,12,10
2024-03-06 12:30:00,2024-03-06 14:30:00,win,393.33979633469943,6,long,2024,3,Wednesday,14,10
2024-03-06 15:30:00,2024-03-07 04:00:00,win,228.88389451110203,7,long,2024,3,Thursday,4,10
2024-03-07 08:00:00,2024-03-07 14:30:00,loss,-87.01486784385108,5,long,2024,3,Thursday,14,10
2024-03-13 13:00:00,2024-03-13 13:30:00,win,215.3389618095361,5,long,2024,3,Wednesday,13,11
2024-03-13 13:45:00,2024-03-13 17:00:00,win,154.20956770343201,5,long,2024,3,Wednesday,17,11
2024-03-13 17:15:00,2024-03-14 05:00:00,loss,-81.44688557989438,6,long,2024,3,Thursday,5,11
2024-04-03 11:45:00,2024-04-03 12:15:00,loss,-91.33387997518413,5,long,2024,4,Wednesday,12,14
2024-04-03 12:45:00,2024-04-03 15:30:00,win,304.94990871007604,6,long,2024,4,Wednesday,15,14
2024-04-03 15:30:00,2024-04-03 20:30:00,win,288.49369678867436,7,long,2024,4,Wednesday,20,14
2024-04-11 11:45:00,2024-04-11 12:15:00,loss,-77.61524543920314,5,long,2024,4,Thursday,12,15
2024-04-11 13:15:00,2024-04-11 14:15:00,loss,-62.48503525663568,5,long,2024,4,Thursday,14,15
2024-04-11 15:00:00,2024-04-11 17:15:00,win,149.16014094675626,5,long,2024,4,Thursday,17,15
2024-04-17 08:00:00,2024-04-17 12:30:00,loss,-159.88828413413248,6,long,2024,4,Wednesday,12,16
2024-04-17 13:45:00,2024-04-17 14:15:00,loss,-99.80647852279839,6,long,2024,4,Wednesday,14,16
2024-04-17 14:15:00,2024-04-17 15:15:00,loss,-92.95012562061366,6,long,2024,4,Wednesday,15,16
2024-04-18 08:00:00,2024-04-18 13:15:00,win,403.13232132570755,6,long,2024,4,Thursday,13,16
2024-04-18 14:00:00,2024-04-18 14:30:00,loss,-45.591022430850394,5,long,2024,4,Thursday,14,16
2024-04-18 16:00:00,2024-04-18 20:45:00,loss,-48.56605481683879,5,long,2024,4,Thursday,20,16
2024-05-07 14:00:00,2024-05-07 14:45:00,loss,-61.95377942121307,5,long,2024,5,Tuesday,14,19
2024-05-08 12:15:00,2024-05-08 12:45:00,loss,-64.2667470640518,5,long,2024,5,Wednesday,12,19
2024-05-08 12:45:00,2024-05-08 13:15:00,loss,-61.8726062930844,5,long,2024,5,Wednesday,13,19
2024-05-14 09:15:00,2024-05-14 10:30:00,loss,-98.53878291358916,6,long,2024,5,Tuesday,10,20
2024-05-14 10:30:00,2024-05-14 12:30:00,loss,-127.24693635996925,7,long,2024,5,Tuesday,12,20
2024-05-14 12:30:00,2024-05-14 18:00:00,win,207.93993546962457,6,long,2024,5,Tuesday,18,20
2024-05-14 18:30:00,2024-05-16 00:00:00,win,192.16909382510767,5,long,2024,5,Thursday,0,20
2024-05-16 15:15:00,2024-05-17 13:00:00,win,221.00955255782267,6,long,2024,5,Friday,13,20
2024-05-30 14:30:00,2024-05-30 16:00:00,loss,-68.09556913542524,5,long,2024,5,Thursday,16,22
2024-07-02 08:00:00,2024-07-02 09:30:00,loss,-68.14586716537072,5,long,2024,7,Tuesday,9,27
2024-07-03 08:45:00,2024-07-03 12:30:00,win,154.2792926981259,5,long,2024,7,Wednesday,12,27
2024-07-03 12:45:00,2024-07-03 14:00:00,win,242.64698039296238,7,long,2024,7,Wednesday,14,27
2024-07-09 14:15:00,2024-07-09 14:45:00,loss,-56.12753487361806,5,long,2024,7,Tuesday,14,28
2024-07-10 08:00:00,2024-07-10 12:15:00,win,302.2783939549594,6,long,2024,7,Wednesday,12,28
2024-07-10 12:15:00,2024-07-10 13:00:00,loss,-73.41613448056839,5,long,2024,7,Wednesday,13,28
2024-07-10 13:00:00,2024-07-10 14:30:00,loss,-126.1535281306978,7,long,2024,7,Wednesday,14,28
2024-07-10 15:15:00,2024-07-10 17:15:00,loss,-49.9097460384579,5,long,2024,7,Wednesday,17,28
2024-07-16 13:45:00,2024-07-16 15:15:00,win,190.46370446983218,6,long,2024,7,Tuesday,15,29
2024-07-17 08:15:00,2024-07-17 09:30:00,loss,-133.74957361046134,7,long,2024,7,Wednesday,9,29
2024-07-17 09:30:00,2024-07-17 10:45:00,loss,-136.47961952603848,7,long,2024,7,Wednesday,10,29
2024-07-17 12:15:00,2024-07-17 14:00:00,loss,-147.15445436454482,7,long,2024,7,Wednesday,14,29
2024-07-30 08:00:00,2024-07-30 12:00:00,loss,-103.10212875959691,5,long,2024,7,Tuesday,12,31
2024-07-30 14:00:00,2024-07-30 15:15:00,loss,-68.36407695549863,5,long,2024,7,Tuesday,15,31
2024-07-31 08:00:00,2024-07-31 18:30:00,win,300.4018385218139,6,long,2024,7,Wednesday,18,31
2024-08-08 12:30:00,2024-08-08 13:15:00,loss,-96.6972140362664,6,long,2024,8,Thursday,13,32
2024-08-08 13:15:00,2024-08-08 18:00:00,win,149.41285507493603,5,long,2024,8,Thursday,18,32
2024-08-13 08:00:00,2024-08-13 13:30:00,win,242.18767731543676,5,long,2024,8,Tuesday,13,33
2024-08-13 14:00:00,2024-08-13 14:30:00,loss,-102.50790881813575,6,long,2024,8,Tuesday,14,33
2024-08-13 14:30:00,2024-08-13 19:30:00,loss,-97.0056115360918,6,long,2024,8,Tuesday,19,33
2024-08-14 08:00:00,2024-08-14 08:30:00,win,370.7140914805785,7,long,2024,8,Wednesday,8,33
2024-08-14 09:00:00,2024-08-14 12:30:00,loss,-103.84158135975593,6,long,2024,8,Wednesday,12,33
2024-08-15 08:00:00,2024-08-15 11:45:00,win,223.22592478947112,5,long,2024,8,Thursday,11,33
2024-08-15 11:45:00,2024-08-15 12:30:00,loss,-79.89596415999092,5,long,2024,8,Thursday,12,33
2024-08-15 16:00:00,2024-08-16 12:45:00,win,114.66705550493218,5,long,2024,8,Friday,12,33
2024-08-28 09:45:00,2024-08-28 10:15:00,loss,-94.50511090260298,5,long,2024,8,Wednesday,10,35
2024-08-28 14:00:00,2024-08-28 16:15:00,loss,-55.6340894143697,5,long,2024,8,Wednesday,16,35
2024-08-29 08:00:00,2024-08-29 12:30:00,loss,-75.7455128167491,5,long,2024,8,Thursday,12,35
2024-08-29 14:15:00,2024-09-02 00:00:00,loss,-50.947413012196975,5,long,2024,9,Monday,0,36
2024-09-04 15:00:00,2024-09-05 08:15:00,win,118.72906367534182,5,long,2024,9,Thursday,8,36
2024-09-05 14:15:00,2024-09-05 14:45:00,loss,-70.78387938019591,6,long,2024,9,Thursday,14,36
2024-09-05 17:30:00,2024-09-08 22:00:00,loss,-66.18989733522383,5,long,2024,9,Sunday,22,36
2024-09-10 09:45:00,2024-09-10 13:00:00,win,168.07467574356798,5,long,2024,9,Tuesday,13,37
2024-09-10 13:30:00,2024-09-10 14:00:00,loss,-82.522833688809,6,long,2024,9,Tuesday,14,37
2024-09-10 15:15:00,2024-09-12 12:30:00,win,119.94785286710005,5,long,2024,9,Thursday,12,37
2024-09-12 16:15:00,2024-09-15 22:00:00,win,109.87609182461688,5,long,2024,9,Sunday,22,37
2024-09-25 09:45:00,2024-09-25 16:30:00,loss,-81.77895128713628,5,long,2024,9,Wednesday,16,39
2024-09-25 17:15:00,2024-09-27 14:45:00,loss,-67.75178438640758,5,long,2024,9,Friday,14,39
2024-10-02 08:15:00,2024-10-02 12:15:00,loss,-75.82941454840241,5,long,2024,10,Wednesday,12,40
2024-10-02 13:15:00,2024-10-02 14:45:00,loss,-93.24039822988034,6,long,2024,10,Wednesday,14,40
2024-10-02 18:15:00,2024-10-03 07:30:00,loss,-81.73623456109061,5,long,2024,10,Thursday,7,40
2024-10-03 17:15:00,2024-10-04 12:30:00,loss,-57.58314936555485,5,long,2024,10,Friday,12,40
2024-10-10 10:45:00,2024-10-10 11:15:00,loss,-83.6804842833259,5,long,2024,10,Thursday,11,41
2024-10-10 13:00:00,2024-10-11 01:15:00,win,109.4426573055273,5,long,2024,10,Friday,1,41
2024-10-22 08:00:00,2024-10-22 09:45:00,loss,-119.98856657675451,6,long,2024,10,Tuesday,9,43
2024-10-22 10:00:00,2024-10-22 11:45:00,loss,-106.22544778323302,6,long,2024,10,Tuesday,11,43
2024-10-22 12:00:00,2024-10-22 17:00:00,win,250.71339314024942,6,long,2024,10,Tuesday,17,43
2024-10-24 08:00:00,2024-10-24 13:45:00,loss,-121.6534184776429,6,long,2024,10,Thursday,13,43
2024-10-24 18:15:00,2024-10-25 00:30:00,loss,-68.93421275136458,5,long,2024,10,Friday,0,43
2024-10-29 08:45:00,2024-10-29 09:45:00,loss,-65.5291186012475,5,long,2024,10,Tuesday,9,44
2024-10-29 12:30:00,2024-10-29 13:45:00,win,258.87519798236286,6,long,2024,10,Tuesday,13,44
2024-10-29 15:15:00,2024-10-30 00:00:00,win,257.439213899243,7,long,2024,10,Wednesday,0,44
2024-10-30 08:15:00,2024-10-30 08:45:00,loss,-75.31741908966826,5,long,2024,10,Wednesday,8,44
2024-10-30 09:30:00,2024-10-30 11:45:00,loss,-72.09996893635993,5,long,2024,10,Wednesday,11,44
2024-10-30 12:45:00,2024-10-30 13:30:00,loss,-63.675191328103054,5,long,2024,10,Wednesday,13,44
2024-10-30 14:45:00,2024-10-30 15:00:00,loss,-50.895641943376106,5,long,2024,10,Wednesday,15,44
2024-10-30 15:15:00,2024-11-01 00:00:00,loss,-47.96077362801308,5,long,2024,11,Friday,0,44
2024-11-05 09:15:00,2024-11-05 10:00:00,loss,-64.14468286282172,5,long,2024,11,Tuesday,10,45
2024-11-05 10:30:00,2024-11-05 14:30:00,win,166.82433707940478,5,long,2024,11,Tuesday,14,45
2024-11-05 14:30:00,2024-11-05 15:00:00,loss,-100.79365188877821,6,long,2024,11,Tuesday,15,45
2024-11-05 18:00:00,2024-11-07 00:00:00,loss,-70.87624127260517,5,long,2024,11,Thursday,0,45
2024-11-07 16:15:00,2024-11-08 07:00:00,loss,-106.54817419911427,6,long,2024,11,Friday,7,45
2024-11-21 09:00:00,2024-11-21 09:45:00,loss,-123.88057489240357,6,long,2024,11,Thursday,9,47
2024-11-21 09:45:00,2024-11-21 12:00:00,loss,-76.28086284246852,5,long,2024,11,Thursday,12,47
2024-11-28 08:00:00,2024-11-28 10:30:00,win,221.23118453514817,5,long,2024,11,Thursday,10,48
2024-11-28 11:15:00,2024-11-28 13:00:00,loss,-136.45859978999903,6,long,2024,11,Thursday,13,48
2024-11-28 13:00:00,2024-11-28 14:45:00,loss,-97.30528564498863,5,long,2024,11,Thursday,14,48
2024-12-03 09:15:00,2024-12-03 12:15:00,loss,-77.53057225618412,5,long,2024,12,Tuesday,12,49
2024-12-03 14:30:00,2024-12-03 14:45:00,loss,-62.831767423394155,5,long,2024,12,Tuesday,14,49
2024-12-03 14:45:00,2024-12-03 15:00:00,loss,-60.83140932073208,5,long,2024,12,Tuesday,15,49
2024-12-05 11:30:00,2024-12-05 13:30:00,loss,-80.14432869635618,5,long,2024,12,Thursday,13,49
2024-12-05 13:45:00,2024-12-05 14:45:00,loss,-61.964214536554714,5,long,2024,12,Thursday,14,49
2024-12-11 08:00:00,2024-12-11 15:00:00,win,219.83957270179747,6,long,2024,12,Wednesday,15,50
2025-01-07 08:30:00,2025-01-07 12:45:00,win,191.48836058250427,5,long,2025,1,Tuesday,12,2
2025-01-07 14:45:00,2025-01-07 15:00:00,loss,-106.7738374229195,7,long,2025,1,Tuesday,15,2
2025-01-07 16:30:00,2025-01-07 19:15:00,loss,-47.55498578190505,5,long,2025,1,Tuesday,19,2
2025-01-08 08:00:00,2025-01-08 11:30:00,loss,-152.34337749237105,6,long,2025,1,Wednesday,11,2
2025-01-08 13:00:00,2025-01-08 13:15:00,loss,-93.16978351888983,6,long,2025,1,Wednesday,13,2
2025-01-08 13:15:00,2025-01-08 14:30:00,win,199.0608947973182,6,long,2025,1,Wednesday,14,2
2025-01-08 14:45:00,2025-01-08 17:30:00,loss,-72.1937729404013,6,long,2025,1,Wednesday,17,2
2025-01-21 08:00:00,2025-01-21 09:00:00,loss,-123.55458891338978,6,long,2025,1,Tuesday,9,4
2025-01-21 12:15:00,2025-01-21 14:45:00,win,231.6307947204142,5,long,2025,1,Tuesday,14,4
2025-01-22 08:00:00,2025-01-22 10:30:00,win,159.1004035214907,5,long,2025,1,Wednesday,10,4
2025-01-22 10:45:00,2025-01-22 12:00:00,loss,-96.10899078093394,6,long,2025,1,Wednesday,12,4
2025-01-22 12:30:00,2025-01-22 13:30:00,loss,-70.57287545511369,5,long,2025,1,Wednesday,13,4
2025-01-22 13:45:00,2025-01-22 14:30:00,loss,-95.54545634156253,6,long,2025,1,Wednesday,14,4
2025-01-22 15:45:00,2025-01-24 02:45:00,win,153.8826203398081,5,long,2025,1,Friday,2,4
2025-01-28 15:45:00,2025-01-30 06:45:00,win,284.5039904731794,6,long,2025,1,Thursday,6,5
2025-02-05 09:00:00,2025-02-05 13:30:00,loss,-160.9223106156203,6,long,2025,2,Wednesday,13,6
2025-02-05 14:30:00,2025-02-05 15:45:00,win,216.0297408016009,5,long,2025,2,Wednesday,15,6
2025-02-05 16:30:00,2025-02-05 19:00:00,loss,-62.44101912280577,5,long,2025,2,Wednesday,19,6
2025-02-06 12:00:00,2025-02-06 13:00:00,loss,-67.81832393338486,5,long,2025,2,Thursday,13,6
2025-02-19 08:00:00,2025-02-19 12:00:00,loss,-170.27528235751768,6,long,2025,2,Wednesday,12,8
2025-02-19 13:30:00,2025-02-19 13:45:00,loss,-91.20161351837925,5,long,2025,2,Wednesday,13,8
2025-02-20 08:15:00,2025-02-20 11:45:00,loss,-83.83934379915439,5,long,2025,2,Thursday,11,8
2025-03-04 10:30:00,2025-03-04 14:45:00,loss,-68.74783602685046,5,long,2025,3,Tuesday,14,10
2025-03-06 15:15:00,2025-03-10 07:45:00,loss,-54.295833810123455,5,long,2025,3,Monday,7,11
2025-03-26 08:00:00,2025-03-26 08:45:00,loss,-133.9427667127562,6,long,2025,3,Wednesday,8,13
2025-03-26 08:45:00,2025-03-26 09:15:00,loss,-87.89641820932297,5,long,2025,3,Wednesday,9,13
2025-03-26 11:15:00,2025-03-26 13:15:00,loss,-75.95256473379996,5,long,2025,3,Wednesday,13,13
2025-03-27 08:00:00,2025-03-27 10:15:00,win,249.00495857578335,6,long,2025,3,Thursday,10,13
2025-03-27 12:15:00,2025-03-27 13:15:00,loss,-90.15457106406727,6,long,2025,3,Thursday,13,13
2025-03-27 14:00:00,2025-03-28 01:30:00,win,194.5517553347894,6,long,2025,3,Friday,1,13
2025-04-02 08:00:00,2025-04-02 10:30:00,loss,-70.34658222338516,5,long,2025,4,Wednesday,10,14
2025-04-02 13:15:00,2025-04-02 13:45:00,loss,-105.61260054488675,6,long,2025,4,Wednesday,13,14
2025-04-02 14:00:00,2025-04-02 20:00:00,loss,-96.5803691412488,6,long,2025,4,Wednesday,20,14
2025-04-03 15:15:00,2025-04-04 08:15:00,loss,-50.63989259377899,5,long,2025,4,Friday,8,14
2025-04-29 08:00:00,2025-04-29 09:15:00,loss,-78.95371923355071,5,long,2025,4,Tuesday,9,18
2025-04-29 17:15:00,2025-04-29 18:00:00,loss,-77.34362445155789,5,long,2025,4,Tuesday,18,18
2025-05-06 09:00:00,2025-05-06 16:15:00,win,314.442573374841,6,long,2025,5,Tuesday,16,19
2025-05-20 12:00:00,2025-05-20 13:45:00,win,260.51314642187197,5,long,2025,5,Tuesday,13,21
2025-05-22 12:15:00,2025-05-22 13:45:00,loss,-64.07538021593636,5,long,2025,5,Thursday,13,21
2025-07-01 13:00:00,2025-07-01 15:15:00,loss,-85.69823005860465,5,long,2025,7,Tuesday,15,27
2025-07-02 10:00:00,2025-07-02 13:45:00,loss,-79.64165718542723,5,long,2025,7,Wednesday,13,27
2025-07-02 16:00:00,2025-07-02 22:15:00,win,169.0962549989824,5,long,2025,7,Wednesday,22,27
2025-07-16 09:00:00,2025-07-16 10:45:00,loss,-90.28536075180514,5,long,2025,7,Wednesday,10,29
2025-07-16 15:45:00,2025-07-22 00:00:00,win,120.00000000000001,6,long,2025,7,Tuesday,0,30
2025-07-22 08:00:00,2025-07-22 12:15:00,win,415.0847627578116,6,long,2025,7,Tuesday,12,30
2025-07-22 17:00:00,2025-07-24 00:00:00,loss,-60.686080492803825,5,long,2025,7,Thursday,0,30
2025-07-30 09:15:00,2025-07-30 10:45:00,loss,-76.92402159758448,5,long,2025,7,Wednesday,10,31
2025-07-31 08:45:00,2025-07-31 10:30:00,loss,-80.48433971361436,5,long,2025,7,Thursday,10,31
2025-07-31 13:00:00,2025-07-31 13:45:00,loss,-75.03278978837645,5,long,2025,7,Thursday,13,31
2025-08-05 12:30:00,2025-08-05 13:30:00,win,261.32575824759215,6,long,2025,8,Tuesday,13,32
2025-08-05 14:00:00,2025-08-06 08:15:00,loss,-106.71656887330971,7,long,2025,8,Wednesday,8,32
2025-08-06 14:00:00,2025-08-07 00:00:00,loss,-91.90172489586801,6,long,2025,8,Thursday,0,32
2025-08-20 14:00:00,2025-08-21 06:15:00,loss,-89.06114426390988,6,long,2025,8,Thursday,6,34
2025-08-21 14:00:00,2025-08-21 15:15:00,loss,-47.43611046967727,5,long,2025,8,Thursday,15,34
2025-08-21 15:15:00,2025-08-24 22:00:00,win,123.31520601368588,5,long,2025,8,Sunday,22,34
2025-08-26 08:00:00,2025-08-26 09:45:00,loss,-103.0327270535477,6,long,2025,8,Tuesday,9,35
2025-08-26 11:15:00,2025-08-26 12:45:00,loss,-120.87102790121348,6,long,2025,8,Tuesday,12,35
2025-08-26 13:30:00,2025-08-26 14:00:00,loss,-78.71238789210554,5,long,2025,8,Tuesday,14,35
2025-08-26 14:45:00,2025-08-28 00:00:00,win,276.1567816307859,6,long,2025,8,Thursday,0,35
2025-08-28 08:00:00,2025-08-28 11:30:00,win,367.89383932053386,7,long,2025,8,Thursday,11,35
2025-08-28 11:30:00,2025-08-28 12:45:00,loss,-106.12468958314439,6,long,2025,8,Thursday,12,35
2025-08-28 13:15:00,2025-08-28 18:45:00,win,143.29099300191365,5,long,2025,8,Thursday,18,35
2025-08-28 18:45:00,2025-08-28 22:00:00,loss,-134.35678855661502,6,long,2025,8,Thursday,22,35
2025-09-03 11:15:00,2025-09-03 14:15:00,win,442.65610518266783,7,long,2025,9,Wednesday,14,36
2025-09-03 18:15:00,2025-09-03 18:30:00,loss,-130.4265737453407,6,long,2025,9,Wednesday,18,36
2025-09-03 18:30:00,2025-09-03 19:15:00,loss,-121.24738821357869,6,long,2025,9,Wednesday,19,36
2025-09-04 08:30:00,2025-09-07 22:00:00,win,203.26479838013654,5,long,2025,9,Sunday,22,36
2025-09-17 13:00:00,2025-09-17 18:00:00,loss,-69.12639614328232,5,long,2025,9,Wednesday,18,38
2025-09-17 18:00:00,2025-09-17 18:30:00,loss,-46.97473971839049,5,long,2025,9,Wednesday,18,38
2025-09-18 10:15:00,2025-09-18 13:00:00,loss,-93.7926335028613,5,long,2025,9,Thursday,13,38
2025-09-24 12:15:00,2025-09-24 13:30:00,loss,-83.52667692003669,5,long,2025,9,Wednesday,13,39
2025-09-25 08:30:00,2025-09-25 11:00:00,loss,-137.23979172644889,7,long,2025,9,Thursday,11,39
2025-09-25 11:30:00,2025-09-25 12:30:00,loss,-71.08023586228423,5,long,2025,9,Thursday,12,39
2025-10-14 09:00:00,2025-10-14 12:15:00,loss,-81.81902458612005,6,long,2025,10,Tuesday,12,42
2025-10-14 14:00:00,2025-10-15 01:00:00,win,175.99157319275392,5,long,2025,10,Wednesday,1,42
2025-10-15 09:00:00,2025-10-15 09:15:00,loss,-162.38805298318397,7,long,2025,10,Wednesday,9,42
2025-10-15 10:00:00,2025-10-15 12:15:00,loss,-107.16930592593215,6,long,2025,10,Wednesday,12,42
2025-10-15 14:15:00,2025-10-15 15:30:00,loss,-100.22680755425661,6,long,2025,10,Wednesday,15,42
2025-10-15 16:45:00,2025-10-15 17:15:00,loss,-70.33794105919229,5,long,2025,10,Wednesday,17,42
2025-10-15 18:00:00,2025-10-17 00:00:00,win,188.25427810652488,5,long,2025,10,Friday,0,42
2025-10-30 08:00:00,2025-10-30 09:15:00,win,196.90590193622708,5,long,2025,10,Thursday,9,44
2025-10-30 10:15:00,2025-10-30 11:15:00,loss,-82.91629506605162,5,long,2025,10,Thursday,11,44
2025-10-30 12:00:00,2025-10-30 12:45:00,loss,-89.5574956225381,5,long,2025,10,Thursday,12,44
2025-10-30 16:00:00,2025-10-30 22:45:00,win,200.25195509465863,5,long,2025,10,Thursday,22,44
2025-11-11 08:15:00,2025-11-11 14:30:00,loss,-144.43977887639028,6,long,2025,11,Tuesday,14,46
2025-11-13 09:30:00,2025-11-13 14:00:00,loss,-119.39213508886168,6,long,2025,11,Thursday,14,46
2025-11-18 15:00:00,2025-11-18 16:00:00,loss,-105.75037563808937,6,long,2025,11,Tuesday,16,47
2025-11-26 08:00:00,2025-11-26 08:45:00,loss,-126.61179889210757,6,long,2025,11,Wednesday,8,48
2025-11-26 08:45:00,2025-11-26 12:45:00,loss,-121.20389835291999,6,long,2025,11,Wednesday,12,48
2025-11-26 13:15:00,2025-11-26 13:30:00,loss,-74.49622827605612,5,long,2025,11,Wednesday,13,48
2025-11-26 15:15:00,2025-11-28 01:00:00,win,152.9682986711873,5,long,2025,11,Friday,1,48
2025-12-10 17:15:00,2025-12-10 18:30:00,loss,-67.83933690390437,5,long,2025,12,Wednesday,18,50
2025-12-16 13:00:00,2025-12-16 14:00:00,win,252.82383332191017,5,long,2025,12,Tuesday,14,51
2025-12-16 16:00:00,2025-12-16 16:30:00,loss,-119.6567169394353,7,long,2025,12,Tuesday,16,51
2025-12-16 18:45:00,2025-12-16 19:15:00,loss,-69.81689773229384,5,long,2025,12,Tuesday,19,51
2025-12-17 12:15:00,2025-12-17 13:45:00,win,320.5161630600197,6,long,2025,12,Wednesday,13,51
2025-12-17 14:00:00,2025-12-19 01:15:00,loss,-118.75618302238121,7,long,2025,12,Friday,1,51
2025-12-23 08:15:00,2025-12-23 13:45:00,loss,-153.65352124604354,6,long,2025,12,Tuesday,13,52
2025-12-23 16:45:00,2025-12-24 00:00:00,win,142.40604267394335,5,long,2025,12,Wednesday,0,52
2025-12-24 10:15:00,2025-12-24 10:30:00,loss,-91.09534001849411,5,long,2025,12,Wednesday,10,52
2025-12-24 11:45:00,2025-12-24 13:15:00,loss,-97.53430345071118,5,long,2025,12,Wednesday,13,52
2025-12-24 17:00:00,2025-12-26 01:00:00,win,158.47063811989213,5,long,2025,12,Friday,1,52
2026-01-13 08:00:00,2026-01-13 13:30:00,win,228.8911517863744,5,long,2026,1,Tuesday,13,3
2026-01-13 15:15:00,2026-01-13 17:45:00,loss,-112.377534385492,7,long,2026,1,Tuesday,17,3
2026-01-15 08:00:00,2026-01-15 13:30:00,loss,-90.33724971856235,5,long,2026,1,Thursday,13,3
2026-01-15 15:15:00,2026-01-15 16:45:00,loss,-114.52687876861864,6,long,2026,1,Thursday,16,3
2026-01-15 17:30:00,2026-01-15 20:15:00,loss,-76.82404250795993,5,long,2026,1,Thursday,20,3
2026-01-20 14:30:00,2026-01-20 15:15:00,loss,-127.09188824341193,7,long,2026,1,Tuesday,15,4
2026-01-20 15:30:00,2026-01-20 23:30:00,win,225.0551724859542,6,long,2026,1,Tuesday,23,4
2026-01-21 08:00:00,2026-01-21 15:15:00,loss,-61.775086945916655,5,long,2026,1,Wednesday,15,4
2026-01-21 18:45:00,2026-01-21 19:15:00,loss,-67.13148495030914,5,long,2026,1,Wednesday,19,4
2026-01-22 08:00:00,2026-01-22 13:30:00,loss,-244.14240337521997,7,long,2026,1,Thursday,13,4
2026-01-22 14:45:00,2026-01-22 15:45:00,win,315.0905884084964,6,long,2026,1,Thursday,15,4
2026-01-27 12:30:00,2026-01-27 13:30:00,loss,-154.20497608132214,6,long,2026,1,Tuesday,13,5
2026-01-27 14:30:00,2026-01-27 14:45:00,loss,-72.9190235144134,5,long,2026,1,Tuesday,14,5
2026-01-27 15:30:00,2026-01-27 20:00:00,win,153.3410843641921,5,long,2026,1,Tuesday,20,5
2026-01-28 09:15:00,2026-01-28 11:00:00,loss,-124.62334823832795,6,long,2026,1,Wednesday,11,5
2026-01-28 12:30:00,2026-01-28 14:00:00,loss,-85.5442278361769,5,long,2026,1,Wednesday,14,5
2026-01-28 14:30:00,2026-01-28 15:00:00,loss,-105.418783688858,6,long,2026,1,Wednesday,15,5
2026-01-28 15:15:00,2026-01-28 20:15:00,win,211.1607946605804,6,long,2026,1,Wednesday,20,5
2026-01-29 12:30:00,2026-01-29 14:45:00,loss,-160.56045105219414,6,long,2026,1,Thursday,14,5
2026-02-11 09:30:00,2026-02-11 10:45:00,win,419.0048061806036,6,long,2026,2,Wednesday,10,7
2026-02-11 12:45:00,2026-02-11 13:30:00,loss,-64.72123073097822,5,long,2026,2,Wednesday,13,7
2026-02-11 18:30:00,2026-02-11 23:00:00,loss,-66.52492017857492,5,long,2026,2,Wednesday,23,7
2026-02-12 08:00:00,2026-02-12 12:45:00,loss,-98.37254920351674,5,long,2026,2,Thursday,12,7
2026-02-12 14:00:00,2026-02-12 14:45:00,loss,-83.81464489727054,5,long,2026,2,Thursday,14,7
2026-02-19 09:30:00,2026-02-19 10:00:00,loss,-108.36242222205946,5,long,2026,2,Thursday,10,8
2026-02-19 15:00:00,2026-02-19 18:00:00,loss,-88.72459004930482,6,long,2026,2,Thursday,18,8
2026-02-25 08:15:00,2026-02-25 09:00:00,loss,-105.39353494267783,5,long,2026,2,Wednesday,9,9
2026-02-25 09:45:00,2026-02-25 10:15:00,loss,-164.89482511381036,6,long,2026,2,Wednesday,10,9
2026-02-25 12:15:00,2026-02-25 14:30:00,loss,-106.68738411723085,5,long,2026,2,Wednesday,14,9
2026-02-25 14:45:00,2026-02-25 15:15:00,loss,-122.9324871291042,6,long,2026,2,Wednesday,15,9
2026-02-25 15:30:00,2026-02-25 20:45:00,loss,-68.94039642724844,5,long,2026,2,Wednesday,20,9
2026-02-26 16:00:00,2026-03-01 23:00:00,win,129.76156267746325,5,long,2026,3,Sunday,23,9
2026-03-10 08:00:00,2026-03-10 10:30:00,loss,-101.52641973668224,5,long,2026,3,Tuesday,10,11
2026-03-10 11:00:00,2026-03-10 12:00:00,loss,-91.2732869734852,5,long,2026,3,Tuesday,12,11
2026-03-10 14:00:00,2026-03-10 18:15:00,loss,-99.62090747677871,6,long,2026,3,Tuesday,18,11
2026-03-12 08:15:00,2026-03-12 12:15:00,loss,-137.93528719195314,6,long,2026,3,Thursday,12,11
2026-03-12 12:45:00,2026-03-12 13:15:00,loss,-94.43981210114399,5,long,2026,3,Thursday,13,11
